timestamp,BTCUSDT,ETHUSDT,BNBUSDT,LTCUSDT
2017-12-13,16033.29,683.99,2.719,290.01
2017-12-14,16334.98,679.76,3.1519,272.4
2017-12-15,17539.83,674.95,4.12,294.0
2017-12-16,19102.66,682.81,4.6378,293.97
2017-12-17,18860.02,707.64,5.999,311.4
2017-12-18,18856.25,784.0,6.0,352.0
2017-12-19,17295.2,798.0,5.6999,338.48
2017-12-20,16488.98,790.21,5.1502,302.7
2017-12-21,15492.64,782.41,5.1596,302.0
2017-12-22,13326.61,635.97,4.2912,250.99
2017-12-23,13300.0,640.34,4.4,253.44
2017-12-24,13500.0,658.0,5.181,262.9
2017-12-25,13699.34,714.95,6.4631,261.2
2017-12-26,15689.01,750.0,9.254,277.98
2017-12-27,15459.99,739.89,10.0731,262.59
2017-12-28,14182.11,707.89,9.25,244.68
2017-12-29,14378.9,733.99,8.7094,238.27
2017-12-30,12440.01,681.06,7.5947,206.03
2017-12-31,13716.36,733.98,8.53,223.69
2018-01-01,13380.0,754.99,8.45,222.61
2018-01-02,14675.11,855.28,8.715,247.33
2018-01-03,14919.51,934.03,9.304,238.77
2018-01-04,15059.54,940.0,9.142999999999999,233.0
2018-01-05,16960.39,959.3,14.8908,240.54
2018-01-06,17069.79,1004.11,22.6,275.28
2018-01-07,16150.03,1123.09,18.594,269.01
2018-01-08,14902.54,1133.18,17.9971,252.65
2018-01-09,14400.0,1291.0,17.399,244.48
2018-01-10,14907.09,1247.0,17.5,247.63
2018-01-11,13238.78,1138.93,21.2024,223.77
2018-01-12,13740.01,1253.87,22.1999,233.11
2018-01-13,14210.0,1388.02,22.0246,257.98
2018-01-14,13474.99,1347.0,20.4541,234.12
2018-01-15,13539.93,1271.0,19.3396,229.5
2018-01-16,10900.0,1000.0,13.1996,179.28
2018-01-17,10988.79,1000.0,14.1998,182.44
2018-01-18,10961.97,994.0,14.1397,186.14
2018-01-19,11474.98,1032.5,14.9447,191.42
2018-01-20,12799.94,1152.75,16.1712,210.4
2018-01-21,11530.0,1049.0,14.1334,190.16
2018-01-22,10760.05,993.0,12.91,178.0
2018-01-23,10799.18,980.0,13.1022,176.98
2018-01-24,11349.99,1061.0,13.8,180.89
2018-01-25,11175.27,1056.52,13.1905,179.59
2018-01-26,11089.0,1051.03,13.1344,177.09
2018-01-27,11491.0,1118.99,13.3994,182.1
2018-01-28,11879.95,1251.96,13.7739,196.74
2018-01-29,11251.0,1177.01,12.815,181.5
2018-01-30,10237.51,1085.5,11.4749,168.21
2018-01-31,10285.1,1124.81,11.3131,165.19
2018-02-01,9224.52,1041.94,9.5138,143.69
2018-02-02,8873.03,922.3,9.7484,131.68
2018-02-03,9199.96,971.0,9.7252,160.3
2018-02-04,8184.81,823.56,8.3511,147.09
2018-02-05,6939.99,697.92,6.7315,125.17
2018-02-06,7652.14,779.25,8.263,141.0
2018-02-07,7599.0,754.0,8.0647,137.21
2018-02-08,7784.02,781.66,8.2791,142.37
2018-02-09,8683.92,877.0,9.86,163.73
2018-02-10,8533.98,851.15,9.2448,154.65
2018-02-11,8063.88,808.99,8.674,148.28
2018-02-12,8903.0,866.66,9.3389,161.49
2018-02-13,8539.9,841.57,9.016,159.63
2018-02-14,9449.99,919.09,10.4096,212.25
2018-02-15,10000.09,924.55,10.8661,220.64
2018-02-16,10159.98,938.67,11.25,228.08
2018-02-17,11039.55,969.99,11.66,228.0
2018-02-18,10383.43,911.0,10.6631,213.66
2018-02-19,11153.0,938.11,11.0601,221.44
2018-02-20,11200.99,882.99,9.8888,228.51
2018-02-21,10437.6,835.89,9.3799,209.6
2018-02-22,9811.04,801.49,8.86,192.61
2018-02-23,10131.04,851.6,9.693,206.4
2018-02-24,9694.51,833.94,9.0873,206.5
2018-02-25,9590.0,841.19,9.35,217.78
2018-02-26,10324.0,867.98,9.9199,218.5
2018-02-27,10569.04,870.11,10.56,214.6
2018-02-28,10326.76,853.5,10.4536,201.86
2018-03-01,10920.0,870.63,10.4768,209.17
2018-03-02,11039.0,856.28,10.2348,212.8
2018-03-03,11464.48,856.02,10.2399,210.04
2018-03-04,11515.0,866.66,10.4139,213.19
2018-03-05,11454.0,849.84,10.0847,210.14
2018-03-06,10716.48,813.11,9.3899,196.24
2018-03-07,9910.0,749.9,9.0405,185.25
2018-03-08,9271.64,695.46,8.2703,175.24
2018-03-09,9227.0,723.71,8.2807,185.79
2018-03-10,8770.22,680.58,7.65,176.74
2018-03-11,9533.57,720.85,8.267999999999999,188.16
2018-03-12,9131.34,697.11,8.033999999999999,177.8
2018-03-13,9150.0,689.94,10.2188,175.01
2018-03-14,8170.0,610.1,8.9243,160.15
2018-03-15,8240.98,608.83,9.1047,164.0
2018-03-16,8260.0,599.05,9.0645,164.1
2018-03-17,7824.8,546.95,8.9231,151.75
2018-03-18,8189.99,537.0,8.9648,153.5
2018-03-19,8600.0,556.88,9.035,161.2
2018-03-20,8909.98,557.0,9.1618,168.24
2018-03-21,8885.0,559.17,9.9777,168.54
2018-03-22,8722.9,539.92,10.0806,163.65
2018-03-23,8898.03,543.03,11.7397,168.66
2018-03-24,8546.86,520.22,13.2398,158.92
2018-03-25,8470.15,523.74,12.95,160.01
2018-03-26,8134.23,485.0,12.05,147.83
2018-03-27,7795.51,448.5,11.5404,135.0
2018-03-28,7949.3,446.67,11.6888,131.22
2018-03-29,7090.14,384.0,10.1877,114.7
2018-03-30,6840.23,392.43,10.3955,118.35
2018-03-31,6923.91,393.92,11.050999999999998,116.05
2018-04-01,6813.01,378.58,11.0767,114.74
2018-04-02,7056.0,385.05,12.5996,119.05
2018-04-03,7405.21,415.01,13.305,134.04
2018-04-04,6796.1,378.16,12.21,118.07
2018-04-05,6770.76,381.22,12.4888,118.26
2018-04-06,6601.39,368.89,12.2599,112.79
2018-04-07,6895.8,384.51,12.5,115.8
2018-04-08,7018.0,400.4,12.1311,117.55
2018-04-09,6782.72,399.44,11.8888,114.79
2018-04-10,6843.9,416.07,12.0904,114.25
2018-04-11,6953.79,429.52,12.33,118.4
2018-04-12,7923.0,495.67,13.0087,129.67
2018-04-13,7877.41,495.11,13.52,125.1
2018-04-14,7999.01,502.68,13.2888,126.4
2018-04-15,8355.0,533.88,13.0989,132.45
2018-04-16,8064.92,511.46,12.2342,128.96
2018-04-17,7885.02,502.56,11.777000000000001,132.09
2018-04-18,8173.0,526.09,12.2999,140.36
2018-04-19,8278.0,568.14,12.360999999999999,146.71
2018-04-20,8856.98,617.09,12.5858,155.71
2018-04-21,8915.31,604.87,13.3302,148.4
2018-04-22,8787.02,620.92,12.8888,146.38
2018-04-23,8934.01,645.09,13.645,152.56
2018-04-24,9619.99,701.58,15.0895,164.78
2018-04-25,8869.99,618.0,13.3999,144.75
2018-04-26,9266.0,661.51,14.63,153.19
2018-04-27,8915.35,643.46,14.2396,144.9
2018-04-28,9348.0,682.86,15.2011,152.1
2018-04-29,9419.0,690.85,15.0489,153.5
2018-04-30,9246.01,670.78,14.3291,148.37
2018-05-01,9071.48,672.0,14.1711,148.29
2018-05-02,9247.84,688.56,14.439,151.58
2018-05-03,9750.0,779.0,14.6999,161.38
2018-05-04,9713.99,785.99,14.3622,169.44
2018-05-05,9864.0,819.5,14.4468,179.04
2018-05-06,9659.01,794.3,14.012,172.32
2018-05-07,9365.0,752.49,13.71,164.59
2018-05-08,9187.56,748.99,13.4981,158.89
2018-05-09,9310.0,751.75,14.6417,156.72
2018-05-10,9002.2,722.52,13.7957,148.16
2018-05-11,8400.0,676.96,12.9884,136.32
2018-05-12,8465.94,684.11,12.9319,141.57
2018-05-13,8679.71,729.08,13.1515,144.24
2018-05-14,8663.34,727.49,12.8388,147.42
2018-05-15,8462.0,704.91,12.5389,139.35
2018-05-16,8330.0,706.29,12.2901,138.92
2018-05-17,8041.46,667.62,12.3777,132.31
2018-05-18,8239.81,692.6,15.1363,135.95
2018-05-19,8233.49,697.0,14.33,134.95
2018-05-20,8526.98,716.16,14.1666,139.64
2018-05-21,8381.24,696.7,14.6996,134.25
2018-05-22,7977.11,640.99,13.888,127.89
2018-05-23,7501.95,577.19,12.4998,118.37
2018-05-24,7575.01,602.18,13.0288,122.58
2018-05-25,7457.0,585.55,13.0129,118.87
2018-05-26,7333.96,586.0,12.7888,118.45
2018-05-27,7338.99,570.4,12.6046,117.71
2018-05-28,7099.0,511.5,11.9179,110.82
2018-05-29,7461.29,567.36,12.6073,119.28
2018-05-30,7375.96,557.19,12.6199,117.18
2018-05-31,7485.01,577.81,14.2,118.25
2018-06-01,7521.01,579.0,14.2888,120.19
2018-06-02,7640.03,590.85,14.6732,123.44
2018-06-03,7714.26,619.66,14.6995,125.33
2018-06-04,7487.0,591.02,14.2636,119.77
2018-06-05,7625.0,609.05,15.6156,122.18
2018-06-06,7658.84,607.4,17.275,121.61
2018-06-07,7691.08,605.16,16.2791,121.54
2018-06-08,7603.44,598.68,16.2292,119.68
2018-06-09,7491.73,592.87,16.0188,117.4
2018-06-10,6764.99,524.11,14.18,106.48
2018-06-11,6872.0,531.69,15.47,107.2
2018-06-12,6530.0,493.0,15.2263,99.68
2018-06-13,6292.78,475.47,14.5888,93.37
2018-06-14,6635.98,519.29,14.867,100.88
2018-06-15,6388.9,487.48,14.9895,95.5
2018-06-16,6483.98,496.74,15.7602,96.66
2018-06-17,6449.61,497.14,16.5987,94.95
2018-06-18,6712.46,517.95,16.8111,98.7
2018-06-19,6741.21,537.97,16.7556,98.67
2018-06-20,6761.51,536.49,16.0773,97.72
2018-06-21,6718.84,526.18,17.0727,96.72
2018-06-22,6045.0,462.09,15.56,84.8
2018-06-23,6149.98,473.41,15.6398,82.73
2018-06-24,6136.97,454.41,14.4174,80.37
2018-06-25,6252.0,458.7,14.92,81.48
2018-06-26,6070.78,429.34,14.0525,75.54
2018-06-27,6133.73,441.64,14.0737,80.6
2018-06-28,5853.98,420.22,14.206,74.05
2018-06-29,6197.92,434.77,14.5399,78.94
2018-06-30,6390.07,454.09,14.6851,81.33
2018-07-01,6356.81,452.1,14.37,79.95
2018-07-02,6615.29,476.25,14.5968,85.36
2018-07-03,6513.86,461.82,14.1639,85.09
2018-07-04,6586.98,467.38,14.0212,85.28
2018-07-05,6529.2,467.87,13.76,83.33
2018-07-06,6609.78,470.47,13.4366,83.1
2018-07-07,6756.98,485.57,14.16,84.79
2018-07-08,6712.1,486.77,14.01,82.22
2018-07-09,6662.12,471.71,13.5348,80.46
2018-07-10,6296.91,432.48,12.77,75.81
2018-07-11,6378.07,444.99,12.697000000000001,78.18
2018-07-12,6250.57,431.14,12.1318,76.79
2018-07-13,6214.57,432.46,12.1803,76.53
2018-07-14,6251.99,433.19,12.0595,76.18
2018-07-15,6353.01,449.78,12.321,78.54
2018-07-16,6723.35,478.49,13.3471,83.49
2018-07-17,7317.44,498.76,13.7398,89.06
2018-07-18,7381.9,479.41,12.8574,86.21
2018-07-19,7466.21,468.57,12.955,86.0
2018-07-20,7337.53,449.04,12.0798,81.87
2018-07-21,7398.78,460.23,12.1959,83.44
2018-07-22,7394.79,457.47,12.1885,82.21
2018-07-23,7721.01,450.05,12.0348,81.38
2018-07-24,8397.24,479.28,12.1469,89.12
2018-07-25,8175.64,472.1,13.0048,86.38
2018-07-26,7920.0,462.64,13.3283,83.37
2018-07-27,8188.57,470.09,13.9919,84.39
2018-07-28,8225.04,469.29,14.669,84.07
2018-07-29,8211.0,466.4,13.9569,83.85
2018-07-30,8173.92,456.23,13.1666,82.18
2018-07-31,7730.93,432.22,13.8369,78.69
2018-08-01,7604.58,420.41,13.6666,77.53
2018-08-02,7525.71,410.62,14.15,76.11
2018-08-03,7418.78,417.52,14.1251,77.7
2018-08-04,7009.84,407.21,13.8663,73.13
2018-08-05,7024.19,408.79,13.64,74.61
2018-08-06,6934.82,405.28,13.6998,73.62
2018-08-07,6720.06,378.21,13.1488,67.35
2018-08-08,6285.0,355.48,12.1489,62.13
2018-08-09,6529.79,363.3,12.7654,62.89
2018-08-10,6144.01,331.81,12.1472,59.16
2018-08-11,6232.35,317.69,11.6972,57.6
2018-08-12,6308.33,317.89,11.7999,59.32
2018-08-13,6246.35,283.81,10.2576,56.44
2018-08-14,6188.08,278.41,9.3999,54.24
2018-08-15,6267.16,281.12,9.5049,54.32
2018-08-16,6311.75,287.17,9.7888,55.29
2018-08-17,6584.49,317.51,10.88,61.75
2018-08-18,6387.96,294.11,9.8807,57.04
2018-08-19,6477.53,299.42,10.1388,57.67
2018-08-20,6254.84,270.51,9.6377,53.39
2018-08-21,6480.0,281.21,9.7399,56.42
2018-08-22,6360.89,270.8,9.5888,55.14
2018-08-23,6525.01,275.99,9.7587,57.29
2018-08-24,6681.64,281.19,10.2038,57.82
2018-08-25,6733.64,277.55,10.1058,57.89
2018-08-26,6700.0,274.29,10.2158,56.99
2018-08-27,6908.64,287.71,11.1888,60.61
2018-08-28,7076.11,295.44,11.5188,63.13
2018-08-29,7031.22,288.4,11.1888,61.41
2018-08-30,6984.84,283.89,10.7899,60.23
2018-08-31,7011.21,281.41,10.9899,62.04
2018-09-01,7200.01,295.71,11.48,66.49
2018-09-02,7302.01,295.41,11.3684,66.21
2018-09-03,7263.02,289.09,11.3294,65.44
2018-09-04,7359.06,285.3,11.4217,67.6
2018-09-05,6700.0,228.53,9.9664,57.82
2018-09-06,6516.01,229.7,10.2888,57.61
2018-09-07,6395.54,215.22,9.9401,55.66
2018-09-08,6185.05,196.71,9.5224,53.07
2018-09-09,6250.81,195.81,9.5399,54.74
2018-09-10,6312.0,197.15,9.508,54.34
2018-09-11,6294.91,185.18,9.3688,52.04
2018-09-12,6338.62,183.12,9.2081,51.69
2018-09-13,6487.38,210.68,9.5911,54.44
2018-09-14,6476.63,208.82,9.9268,56.24
2018-09-15,6514.96,221.29,10.0999,56.22
2018-09-16,6505.0,220.17,9.9399,56.75
2018-09-17,6248.69,196.16,9.3626,52.07
2018-09-18,6336.45,208.17,9.5599,53.96
2018-09-19,6391.89,209.79,9.6399,54.27
2018-09-20,6492.0,224.0,10.0388,56.53
2018-09-21,6759.02,247.73,10.48,60.83
2018-09-22,6723.05,241.01,10.2911,60.65
2018-09-23,6708.0,244.5,10.2907,61.38
2018-09-24,6581.39,228.06,10.0588,58.01
2018-09-25,6447.54,219.62,9.8745,57.61
2018-09-26,6465.12,214.42,9.712,57.18
2018-09-27,6689.13,229.13,10.0599,63.28
2018-09-28,6634.58,221.84,9.9911,61.95
2018-09-29,6596.38,231.62,10.0118,61.61
2018-09-30,6626.57,232.94,10.0172,61.21
2018-10-01,6611.61,231.61,9.9811,60.45
2018-10-02,6525.79,225.69,10.3711,59.46
2018-10-03,6510.0,220.77,10.3136,57.56
2018-10-04,6593.79,222.66,10.2982,58.42
2018-10-05,6635.65,228.37,10.6756,58.93
2018-10-06,6594.27,225.4,10.4289,57.96
2018-10-07,6615.26,226.14,10.5852,58.33
2018-10-08,6673.01,230.01,10.5911,59.66
2018-10-09,6656.61,228.4,10.4113,59.03
2018-10-10,6631.0,226.74,10.3614,58.46
2018-10-11,6252.68,191.58,9.3599,51.36
2018-10-12,6298.01,196.96,9.5551,53.74
2018-10-13,6332.93,201.3,9.681000000000001,54.05
2018-10-14,6339.34,197.01,9.5895,52.61
2018-10-15,6752.5,214.39,10.5655,56.16
2018-10-16,6759.27,215.09,10.2771,55.54
2018-10-17,6740.89,212.85,10.2338,55.27
2018-10-18,6618.96,206.24,9.922,53.53
2018-10-19,6528.88,205.0,9.9001,53.71
2018-10-20,6588.4,207.91,9.9365,54.28
2018-10-21,6590.11,207.49,9.9311,53.61
2018-10-22,6581.2,206.67,9.8932,53.12
2018-10-23,6553.51,205.85,9.9298,53.33
2018-10-24,6565.5,205.35,9.8837,53.11
2018-10-25,6528.09,203.93,9.8056,52.84
2018-10-26,6538.63,204.92,9.8296,52.56
2018-10-27,6505.6,204.45,9.7331,52.25
2018-10-28,6489.93,204.99,9.7207,52.07
2018-10-29,6344.5,196.96,9.445,49.21
2018-10-30,6330.87,197.27,9.4521,49.34
2018-10-31,6371.93,198.73,9.4807,49.93
2018-11-01,6410.0,199.96,9.6192,50.61
2018-11-02,6433.98,202.35,9.6421,51.78
2018-11-03,6387.09,200.31,9.5889,51.04
2018-11-04,6485.85,212.11,9.818999999999999,54.6
2018-11-05,6468.99,210.66,9.7333,53.91
2018-11-06,6519.11,220.74,9.881,56.48
2018-11-07,6578.46,219.07,9.897,54.47
2018-11-08,6479.84,212.79,9.686,52.72
2018-11-09,6419.99,210.77,9.6141,52.25
2018-11-10,6433.05,213.25,9.5898,52.48
2018-11-11,6449.81,212.54,9.5611,51.46
2018-11-12,6453.07,212.89,9.4862,51.26
2018-11-13,6457.66,209.84,9.3936,50.43
2018-11-14,5922.41,187.43,8.6811,45.05
2018-11-15,5753.4,184.35,8.3793,44.78
2018-11-16,5655.94,176.89,8.01,42.89
2018-11-17,5628.29,176.2,7.8494,42.43
2018-11-18,5662.0,178.97,8.0832,42.61
2018-11-19,4910.03,150.81,6.6844,37.07
2018-11-20,4558.86,133.82,5.92,33.8
2018-11-21,4661.07,138.23,6.2894,35.15
2018-11-22,4370.0,126.63,5.77,32.11
2018-11-23,4420.61,125.02,5.6611,32.74
2018-11-24,3932.44,114.89,5.193,29.73
2018-11-25,4085.78,118.67,5.2873,31.49
2018-11-26,3862.2,110.68,5.0631,30.18
2018-11-27,3875.21,111.43,4.984,31.61
2018-11-28,4264.85,122.9,5.3499,34.74
2018-11-29,4295.84,117.98,5.3805,33.88
2018-11-30,4041.32,113.73,5.115,32.21
2018-12-01,4190.02,118.1,5.2899,34.17
2018-12-02,4161.01,116.57,5.2888,33.82
2018-12-03,3884.01,108.76,5.1266,30.9
2018-12-04,3951.64,109.94,5.902,31.13
2018-12-05,3769.84,102.71,6.0727,29.27
2018-12-06,3508.75,91.0,4.9023,26.78
2018-12-07,3403.55,93.05,4.516,24.91
2018-12-08,3410.93,90.38,4.6361,24.22
2018-12-09,3545.37,93.26,4.7693,25.37
2018-12-10,3432.88,89.91,4.6276,24.14
2018-12-11,3380.39,87.76,4.8973,23.41
2018-12-12,3445.0,89.41,4.9815,24.13
2018-12-13,3302.06,86.34,4.6384,23.08
2018-12-14,3224.17,83.82,4.5211,23.34
2018-12-15,3211.72,83.76,4.5531,23.6
2018-12-16,3228.67,84.67,4.6160000000000005,25.52
2018-12-17,3509.08,94.02,5.065,28.95
2018-12-18,3652.98,100.39,5.5308,29.89
2018-12-19,3662.22,98.74,5.3633,28.83
2018-12-20,4049.62,114.05,5.6766,32.18
2018-12-21,3838.66,107.69,5.4766,30.29
2018-12-22,3948.91,115.2,5.8398,31.33
2018-12-23,3929.71,129.03,5.959,32.97
2018-12-24,4008.01,138.03,6.0979,32.68
2018-12-25,3745.79,127.6,5.45,30.5
2018-12-26,3777.74,129.35,5.6029,30.3
2018-12-27,3567.91,113.8,5.1791,27.55
2018-12-28,3839.26,135.3,5.8811,31.8
2018-12-29,3695.32,132.89,5.66,30.28
2018-12-30,3801.91,137.77,5.8939,31.38
2018-12-31,3702.9,131.45,6.1111,29.9
2019-01-01,3797.14,139.1,5.9910000000000005,31.48
2019-01-02,3858.56,152.01,6.051,32.67
2019-01-03,3766.78,146.3,5.7979,31.39
2019-01-04,3792.01,151.97,5.9692,31.76
2019-01-05,3770.96,152.83,5.9625,34.33
2019-01-06,3987.6,153.86,6.2688,38.3
2019-01-07,3975.45,149.34,6.2009,37.35
2019-01-08,3955.13,147.6,6.5128,38.7
2019-01-09,3966.65,148.1,6.5511,38.17
2019-01-10,3585.88,124.95,5.8449,32.81
2019-01-11,3601.31,124.65,5.9595,31.49
2019-01-12,3583.13,123.35,5.8594,31.65
2019-01-13,3476.81,114.16,5.4688,29.59
2019-01-14,3626.09,126.95,6.0583,31.71
2019-01-15,3553.06,118.95,5.8111,30.75
2019-01-16,3591.84,121.48,6.0911,31.29
2019-01-17,3616.21,121.54,6.3266,31.4
2019-01-18,3594.87,119.17,6.4867,30.77
2019-01-19,3665.3,122.6,6.5199,32.0
2019-01-20,3539.28,117.47,6.4008,30.64
2019-01-21,3526.9,115.63,6.4724,30.82
2019-01-22,3570.93,117.81,6.4736,31.41
2019-01-23,3552.82,116.44,6.4969,31.69
2019-01-24,3569.62,116.39,6.4588,32.51
2019-01-25,3565.29,115.11,6.6899,32.69
2019-01-26,3565.25,115.34,6.9463,32.8
2019-01-27,3550.84,112.05,7.0396,32.21
2019-01-28,3434.15,105.5,6.1648,30.94
2019-01-29,3411.04,104.45,6.1661,30.81
2019-01-30,3458.18,108.29,6.1388,31.68
2019-01-31,3434.1,106.44,6.22,31.41
2019-02-01,3462.07,106.73,6.5229,32.65
2019-02-02,3504.77,110.42,6.8655,34.59
2019-02-03,3458.11,107.36,6.7887,33.44
2019-02-04,3463.22,107.68,7.1069,34.09
2019-02-05,3471.59,107.27,7.8665,34.34
2019-02-06,3405.37,104.5,8.1303,32.79
2019-02-07,3398.4,104.48,7.81,33.24
2019-02-08,3659.04,119.25,8.5972,42.99
2019-02-09,3665.18,119.19,8.9051,44.68
2019-02-10,3680.06,125.12,9.1697,46.79
2019-02-11,3631.05,120.89,9.5288,42.9
2019-02-12,3631.46,122.41,9.2765,43.89
2019-02-13,3609.4,121.86,8.9103,41.61
2019-02-14,3590.56,120.42,8.7655,41.26
2019-02-15,3602.47,121.67,9.2911,42.58
2019-02-16,3618.41,122.67,9.1087,43.34
2019-02-17,3667.58,133.75,9.22,43.91
2019-02-18,3898.6,145.69,9.6127,47.84
2019-02-19,3907.79,143.44,10.4728,47.14
2019-02-20,3969.74,148.44,10.9211,51.5
2019-02-21,3937.31,145.69,10.4661,48.94
2019-02-22,3962.0,147.36,10.7576,49.19
2019-02-23,4117.76,157.79,10.7265,51.4
2019-02-24,3743.56,132.1,9.9476,43.75
2019-02-25,3827.92,137.87,9.6967,45.4
2019-02-26,3809.23,136.22,9.4168,44.76
2019-02-27,3818.07,135.02,9.8467,45.16
2019-02-28,3813.69,135.34,10.2779,45.61
2019-03-01,3823.0,135.32,11.3111,47.05
2019-03-02,3819.93,132.56,11.7566,48.49
2019-03-03,3807.75,130.6,11.4511,47.86
2019-03-04,3715.3,125.65,11.4006,45.78
2019-03-05,3857.73,136.72,13.6229,52.52
2019-03-06,3861.84,137.4,14.5294,55.37
2019-03-07,3873.64,136.81,15.1,56.73
2019-03-08,3864.89,133.52,14.2931,55.61
2019-03-09,3943.04,137.27,14.4651,57.78
2019-03-10,3916.82,135.37,14.3711,56.59
2019-03-11,3871.61,132.67,14.4143,54.82
2019-03-12,3882.73,133.57,15.3333,56.58
2019-03-13,3866.0,131.65,15.0244,55.29
2019-03-14,3877.12,132.2,14.8901,55.94
2019-03-15,3923.76,136.56,14.9432,58.52
2019-03-16,4005.98,140.92,15.9589,61.21
2019-03-17,3981.14,138.67,15.5693,60.47
2019-03-18,3987.81,137.59,15.5388,59.17
2019-03-19,4015.53,138.55,15.4953,59.52
2019-03-20,4043.04,139.01,15.1288,60.27
2019-03-21,3980.64,134.85,14.3511,58.54
2019-03-22,3986.93,135.98,15.1502,59.26
2019-03-23,4006.01,137.28,15.1397,60.89
2019-03-24,3992.18,136.09,17.1096,59.82
2019-03-25,3936.12,133.98,16.7631,59.04
2019-03-26,3948.55,134.18,16.1998,58.79
2019-03-27,4038.05,139.45,16.6,61.44
2019-03-28,4027.81,137.86,16.6665,60.5
2019-03-29,4103.25,143.25,16.4753,61.45
2019-03-30,4106.97,142.46,16.9666,60.45
2019-03-31,4103.95,141.38,17.5376,60.48
2019-04-01,4144.56,141.24,17.8888,60.45
2019-04-02,4857.29,163.31,19.7155,76.78
2019-04-03,4932.6,159.96,18.5489,85.19
2019-04-04,4898.66,157.36,18.992,84.7
2019-04-05,5004.95,164.77,19.3657,88.24
2019-04-06,5043.89,165.5,19.0745,92.21
2019-04-07,5170.27,174.21,18.9523,91.55
2019-04-08,5236.9,178.72,17.9777,88.57
2019-04-09,5150.0,174.6,18.2984,86.17
2019-04-10,5308.25,177.12,18.24,88.16
2019-04-11,5017.37,164.07,17.5555,78.88
2019-04-12,5048.01,163.19,18.3333,78.47
2019-04-13,5045.22,162.99,18.6111,77.62
2019-04-14,5131.3,167.23,19.3866,83.28
2019-04-15,5024.95,159.95,19.2666,78.07
2019-04-16,5173.72,165.37,19.6408,80.27
2019-04-17,5202.82,165.75,19.4888,78.77
2019-04-18,5258.44,173.33,21.8888,81.68
2019-04-19,5258.68,172.64,24.3188,82.05
2019-04-20,5291.73,172.88,24.8888,81.15
2019-04-21,5256.14,168.59,23.9999,76.65
2019-04-22,5357.14,170.52,23.8,76.51
2019-04-23,5493.31,169.16,22.546,73.7
2019-04-24,5415.0,164.78,22.9703,72.85
2019-04-25,5219.9,154.72,22.4863,71.78
2019-04-26,5314.1,157.95,23.0555,73.82
2019-04-27,5295.69,159.31,22.4324,72.23
2019-04-28,5307.52,157.85,23.0226,69.89
2019-04-29,5238.14,155.11,21.6788,67.87
2019-04-30,5320.81,161.83,22.0391,74.32
2019-05-01,5383.2,160.19,21.8788,73.36
2019-05-02,5492.87,161.81,23.6166,73.68
2019-05-03,5772.69,168.06,23.6999,79.22
2019-05-04,5829.45,163.7,22.8888,77.77
2019-05-05,5775.62,163.05,22.9777,75.7
2019-05-06,5747.79,173.0,22.1895,74.94
2019-05-07,5846.34,169.18,20.6602,74.61
2019-05-08,5987.29,170.85,20.6673,74.44
2019-05-09,6209.18,170.9,18.8388,74.19
2019-05-10,6373.33,172.91,19.6166,77.11
2019-05-11,7076.22,190.2,20.8059,86.59
2019-05-12,6967.31,188.11,20.8934,84.73
2019-05-13,7790.71,195.84,23.521,87.16
2019-05-14,7947.56,216.4,23.6553,91.17
2019-05-15,8169.87,248.1,26.8116,102.02
2019-05-16,7866.59,264.25,26.2888,95.49
2019-05-17,7355.26,244.3,25.7795,89.76
2019-05-18,7257.45,233.6,28.8171,86.51
2019-05-19,8148.48,259.51,29.1122,94.58
2019-05-20,7938.15,250.37,29.2666,91.1
2019-05-21,7904.87,253.43,32.3907,90.79
2019-05-22,7628.43,243.64,30.8067,87.74
2019-05-23,7851.51,244.56,31.3934,88.61
2019-05-24,7964.87,248.87,33.9435,100.5
2019-05-25,8025.41,250.22,35.0168,102.66
2019-05-26,8614.43,264.45,33.0919,111.0
2019-05-27,8756.32,270.53,33.510999999999996,116.3
2019-05-28,8715.64,271.03,33.1068,114.81
2019-05-29,8645.68,268.83,33.6066,115.06
2019-05-30,8269.54,254.56,31.6666,107.78
2019-05-31,8555.0,267.9,32.8862,114.6
2019-06-01,8544.07,264.33,33.3521,112.35
2019-06-02,8725.98,268.88,33.1527,114.39
2019-06-03,8115.82,249.91,30.7564,105.99
2019-06-04,7687.03,241.39,29.2596,102.2
2019-06-05,7776.5,245.63,30.8886,103.66
2019-06-06,7786.7,248.76,31.0888,111.19
2019-06-07,7980.53,248.77,31.3098,116.71
2019-06-08,7893.62,243.25,31.7333,118.01
2019-06-09,7628.13,230.98,30.095,114.66
2019-06-10,7982.75,246.51,32.0271,129.15
2019-06-11,7884.9,244.29,31.8889,135.69
2019-06-12,8127.64,261.15,34.8888,135.32
2019-06-13,8218.54,254.67,35.251,130.55
2019-06-14,8650.0,262.47,32.3803,132.0
2019-06-15,8808.7,267.82,32.6743,137.54
2019-06-16,8953.33,267.73,32.1888,136.45
2019-06-17,9313.96,273.16,33.8286,133.8
2019-06-18,9081.55,264.66,34.4333,135.22
2019-06-19,9255.49,268.14,35.1888,136.43
2019-06-20,9517.12,271.22,36.8381,135.46
2019-06-21,10159.86,294.35,38.6766,138.28
2019-06-22,10729.5,310.79,38.0001,142.26
2019-06-23,10906.07,308.52,37.2836,137.5
2019-06-24,11056.59,311.64,37.43,135.77
2019-06-25,11820.86,318.26,36.0941,136.33
2019-06-26,13093.8,339.39,36.1189,132.25
2019-06-27,11329.99,298.35,34.3999,116.01
2019-06-28,12400.63,311.05,34.6289,120.01
2019-06-29,11903.13,317.62,35.5,133.86
2019-06-30,10854.1,292.7,32.114000000000004,123.25
2019-07-01,10624.93,295.07,33.2777,123.17
2019-07-02,10842.85,291.48,31.9777,118.77
2019-07-03,11940.0,301.14,32.522,121.36
2019-07-04,11145.67,282.73,33.0888,119.61
2019-07-05,10970.73,287.47,32.5566,118.35
2019-07-06,11256.49,288.29,32.5888,118.31
2019-07-07,11406.24,304.72,32.9344,119.48
2019-07-08,12238.6,311.97,33.3888,122.92
2019-07-09,12543.41,307.46,32.4811,119.24
2019-07-10,12108.37,289.23,31.221999999999998,108.31
2019-07-11,11342.89,268.63,29.4181,102.98
2019-07-12,11757.22,274.62,31.8888,104.86
2019-07-13,11355.76,268.79,31.4888,101.03
2019-07-14,10174.18,225.85,28.5447,89.66
2019-07-15,10838.72,228.2,28.647,90.43
2019-07-16,9439.59,198.88,25.0601,79.61
2019-07-17,9667.92,210.81,27.6287,89.95
2019-07-18,10627.16,225.73,28.9555,101.16
2019-07-19,10504.29,220.73,29.0096,98.23
2019-07-20,10740.23,228.2,31.0932,100.25
2019-07-21,10589.45,225.38,30.4388,99.7
2019-07-22,10340.31,217.51,30.885,95.31
2019-07-23,9864.91,212.48,29.4929,90.15
2019-07-24,9763.28,216.31,28.8261,94.5
2019-07-25,9879.87,219.14,28.9227,93.22
2019-07-26,9824.0,218.81,28.9,94.06
2019-07-27,9476.52,207.3,27.7498,88.79
2019-07-28,9541.54,211.62,27.7555,90.0
2019-07-29,9507.64,210.89,26.9525,90.33
2019-07-30,9574.21,209.58,26.9867,90.15
2019-07-31,10080.53,218.42,27.75,98.76
2019-08-01,10374.99,216.84,28.7088,98.64
2019-08-02,10523.75,217.61,28.14,94.76
2019-08-03,10816.86,222.14,27.7333,94.17
2019-08-04,10929.23,221.79,27.3834,92.64
2019-08-05,11828.8,233.54,28.0114,96.56
2019-08-06,11481.69,226.28,27.6523,92.99
2019-08-07,11975.03,226.1,29.6694,90.59
2019-08-08,11999.77,221.39,31.1074,90.15
2019-08-09,11879.99,210.53,29.8188,84.24
2019-08-10,11309.31,206.48,29.6661,85.46
2019-08-11,11549.97,216.42,30.2439,89.93
2019-08-12,11396.08,211.41,30.1856,85.79
2019-08-13,10892.71,209.3,29.4512,84.88
2019-08-14,10050.37,187.1,27.0256,75.9
2019-08-15,10293.93,188.03,28.1058,76.25
2019-08-16,10331.54,184.88,27.5111,74.67
2019-08-17,10216.02,185.59,27.5038,72.65
2019-08-18,10306.78,194.33,27.8977,76.25
2019-08-19,10915.54,202.28,28.7931,77.1
2019-08-20,10760.51,196.6,28.0286,75.14
2019-08-21,10142.57,187.45,26.925,73.27
2019-08-22,10099.88,190.35,26.9731,73.31
2019-08-23,10389.55,194.02,26.94,75.38
2019-08-24,10134.35,190.6,26.2814,73.32
2019-08-25,10142.69,186.54,26.0888,72.1
2019-08-26,10372.25,188.67,26.1257,73.54
2019-08-27,10185.05,187.24,25.6051,72.9
2019-08-28,9721.0,173.03,23.3565,66.73
2019-08-29,9498.44,169.01,21.7777,63.59
2019-08-30,9584.54,168.5,22.1448,64.17
2019-08-31,9587.47,171.57,21.0604,64.24
2019-09-01,9724.98,170.74,21.4248,65.89
2019-09-02,10340.0,178.05,22.7449,66.92
2019-09-03,10615.28,178.75,22.3511,69.06
2019-09-04,10567.02,174.72,21.6764,67.01
2019-09-05,10564.49,173.75,22.6388,65.23
2019-09-06,10298.73,169.08,21.9906,64.87
2019-09-07,10455.88,177.62,22.3996,68.77
2019-09-08,10381.18,181.19,22.4111,70.36
2019-09-09,10303.12,180.54,22.0978,69.89
2019-09-10,10098.15,179.81,21.7679,70.85
2019-09-11,10158.33,178.28,20.7334,69.8
2019-09-12,10415.01,180.72,20.82,69.15
2019-09-13,10342.06,180.95,20.788,68.93
2019-09-14,10335.02,188.13,20.9555,70.5
2019-09-15,10302.01,189.03,20.2901,70.04
2019-09-16,10251.31,197.22,20.2422,72.63
2019-09-17,10187.82,207.84,21.0473,74.04
2019-09-18,10156.99,210.21,22.2018,77.81
2019-09-19,10244.29,220.24,21.5376,76.56
2019-09-20,10168.59,218.03,21.2695,75.05
2019-09-21,9986.39,215.05,20.9666,73.22
2019-09-22,10028.87,211.2,20.3602,72.23
2019-09-23,9702.25,201.29,19.3228,66.54
2019-09-24,8493.14,165.81,15.8249,54.57
2019-09-25,8430.05,169.96,16.0321,57.43
2019-09-26,8063.73,165.92,15.2212,55.19
2019-09-27,8177.91,173.79,15.6666,55.86
2019-09-28,8198.81,173.49,15.7346,55.37
2019-09-29,8043.82,169.24,15.1999,53.82
2019-09-30,8289.34,180.85,15.8349,55.99
2019-10-01,8292.44,175.66,15.8563,55.63
2019-10-02,8359.94,180.24,15.8742,56.23
2019-10-03,8223.96,174.69,15.6377,56.44
2019-10-04,8137.13,175.55,15.6133,56.3
2019-10-05,8126.19,176.25,15.6869,56.69
2019-10-06,7854.25,170.1,15.0688,54.41
2019-10-07,8190.09,179.85,16.0255,57.46
2019-10-08,8168.39,180.6,16.0213,56.94
2019-10-09,8560.74,192.62,17.7177,59.12
2019-10-10,8558.03,191.14,17.5288,57.47
2019-10-11,8258.5,180.72,16.5666,55.85
2019-10-12,8300.09,179.68,17.17,55.7
2019-10-13,8275.01,180.99,18.256,56.46
2019-10-14,8348.2,186.72,18.4376,56.83
2019-10-15,8159.29,180.49,18.5643,54.58
2019-10-16,7991.74,174.47,17.7401,52.45
2019-10-17,8070.58,177.16,18.5188,54.94
2019-10-18,7947.01,172.74,18.2188,53.21
2019-10-19,7948.01,171.79,18.2229,53.72
2019-10-20,8223.35,175.22,18.4997,54.85
2019-10-21,8197.27,173.98,18.2551,54.57
2019-10-22,8020.0,171.2,18.2286,53.39
2019-10-23,7466.62,162.35,16.6796,49.5
2019-10-24,7412.41,160.38,16.9194,49.54
2019-10-25,8655.02,181.5,18.6188,56.93
2019-10-26,9230.0,179.49,18.9501,56.71
2019-10-27,9529.93,183.75,19.2888,59.78
2019-10-28,9205.14,181.72,19.939,57.7
2019-10-29,9407.62,190.46,20.7452,59.75
2019-10-30,9154.72,183.13,20.052,57.89
2019-10-31,9140.85,182.18,19.9099,58.29
2019-11-01,9231.61,182.85,19.9999,58.23
2019-11-02,9289.52,182.91,20.1745,58.25
2019-11-03,9194.71,181.54,20.1874,58.29
2019-11-04,9393.35,185.71,20.6139,61.29
2019-11-05,9308.66,188.68,20.6588,63.12
2019-11-06,9339.05,191.16,20.7,64.11
2019-11-07,9216.2,186.68,20.4208,61.39
2019-11-08,8773.73,183.74,19.646,60.38
2019-11-09,8809.41,184.89,19.6999,62.04
2019-11-10,9039.47,188.96,20.4333,63.65
2019-11-11,8733.27,184.98,20.0888,61.84
2019-11-12,8821.94,187.09,20.9798,61.42
2019-11-13,8777.12,188.11,21.3846,60.96
2019-11-14,8646.68,184.92,21.3166,59.0
2019-11-15,8471.73,180.0,20.2735,57.6
2019-11-16,8491.02,182.37,20.1631,58.3
2019-11-17,8502.4,183.82,20.194000000000003,59.22
2019-11-18,8187.17,178.2,19.0817,55.81
2019-11-19,8133.64,175.94,18.4997,55.13
2019-11-20,8098.01,174.72,18.0826,54.98
2019-11-21,7627.74,161.01,16.7985,50.61
2019-11-22,7268.23,149.56,15.485,47.32
2019-11-23,7311.57,151.84,16.232,48.1
2019-11-24,6903.28,139.96,14.9964,43.86
2019-11-25,7109.57,145.69,15.1457,45.47
2019-11-26,7156.14,147.47,15.3564,46.91
2019-11-27,7508.52,152.62,16.0888,47.7
2019-11-28,7419.49,150.72,15.5333,46.79
2019-11-29,7739.68,154.57,16.2281,48.54
2019-11-30,7541.89,151.37,15.7118,47.21
2019-12-01,7390.89,150.73,15.4297,47.45
2019-12-02,7294.28,148.65,15.1288,45.45
2019-12-03,7292.71,147.17,15.2542,44.75
2019-12-04,7194.32,145.38,15.1,44.67
2019-12-05,7389.0,148.1,15.6555,44.81
2019-12-06,7527.47,148.45,15.6666,45.28
2019-12-07,7488.21,147.14,15.6067,45.15
2019-12-08,7510.11,150.44,15.6121,45.56
2019-12-09,7338.64,147.38,15.3284,44.45
2019-12-10,7224.13,145.56,14.8088,44.09
2019-12-11,7210.0,143.39,14.78,43.7
2019-12-12,7198.08,144.87,14.7238,43.65
2019-12-13,7258.48,144.8,14.8555,44.44
2019-12-14,7064.05,141.79,14.3888,43.25
2019-12-15,7118.59,142.46,14.3949,43.44
2019-12-16,6891.72,132.73,13.4544,39.99
2019-12-17,6623.82,121.88,12.380999999999998,36.92
2019-12-18,7277.83,132.78,13.6158,40.79
2019-12-19,7150.3,128.1,13.3441,39.65
2019-12-20,7187.83,128.19,13.5,40.17
2019-12-21,7132.75,126.99,13.2933,39.67
2019-12-22,7501.44,132.09,13.7798,41.82
2019-12-23,7317.09,127.8,13.2998,40.56
2019-12-24,7255.77,127.75,13.3369,40.34
2019-12-25,7204.63,125.09,13.0666,40.08
2019-12-26,7202.0,125.58,13.1414,40.01
2019-12-27,7254.74,126.29,13.2888,40.95
2019-12-28,7316.14,128.11,13.6779,42.83
2019-12-29,7388.24,134.36,14.104000000000001,43.08
2019-12-30,7246.0,131.59,13.8597,42.38
2019-12-31,7195.23,129.16,13.7161,41.3
2020-01-01,7200.85,130.77,13.7184,41.62
2020-01-02,6965.71,127.19,13.0105,39.43
2020-01-03,7344.96,134.35,13.6474,42.23
2020-01-04,7354.11,134.2,13.8092,42.78
2020-01-05,7358.75,135.37,14.0532,43.3
2020-01-06,7758.0,144.15,14.9471,45.8
2020-01-07,8145.28,142.8,15.0226,46.3
2020-01-08,8055.98,140.72,14.5334,45.35
2020-01-09,7817.76,137.74,14.3978,44.74
2020-01-10,8197.02,144.84,15.07,49.06
2020-01-11,8020.01,142.38,14.9177,49.3
2020-01-12,8184.98,146.54,15.3366,51.43
2020-01-13,8110.34,143.58,15.1736,49.6
2020-01-14,8810.01,165.64,16.6371,58.39
2020-01-15,8821.41,166.4,17.6655,58.16
2020-01-16,8720.01,164.21,17.0333,57.56
2020-01-17,8913.28,169.85,18.0724,61.02
2020-01-18,8915.96,174.14,17.8088,59.32
2020-01-19,8701.7,166.79,17.387999999999998,57.6
2020-01-20,8642.35,166.87,17.3235,57.19
2020-01-21,8736.03,169.49,18.1166,57.57
2020-01-22,8682.36,168.07,17.8344,58.33
2020-01-23,8404.52,162.81,17.0524,54.52
2020-01-24,8439.0,162.54,17.1148,54.38
2020-01-25,8340.58,160.35,16.9555,53.25
2020-01-26,8615.0,167.86,17.499000000000002,56.24
2020-01-27,8907.57,170.08,17.67,58.55
2020-01-28,9374.21,175.64,18.0662,60.52
2020-01-29,9301.53,173.72,17.9134,59.8
2020-01-30,9513.21,184.69,18.5555,67.98
2020-01-31,9352.89,179.99,18.2644,68.0
2020-02-01,9384.61,183.6,18.2752,70.72
2020-02-02,9331.51,188.44,18.4333,69.93
2020-02-03,9292.24,189.69,18.46,69.65
2020-02-04,9197.02,188.91,18.1778,68.07
2020-02-05,9612.04,203.78,19.262,72.59
2020-02-06,9772.0,213.19,20.6675,73.6
2020-02-07,9813.73,223.33,22.0555,74.3
2020-02-08,9895.05,223.05,21.7888,76.56
2020-02-09,10151.75,228.49,24.38,77.0
2020-02-10,9851.83,222.89,25.1465,74.02
2020-02-11,10223.08,236.69,25.6963,76.46
2020-02-12,10326.46,265.74,26.4243,81.17
2020-02-13,10229.63,268.32,25.4579,80.55
2020-02-14,10344.36,285.15,26.3547,83.14
2020-02-15,9904.72,264.88,24.2576,76.7
2020-02-16,9917.27,258.85,23.3193,74.67
2020-02-17,9706.0,267.85,23.4555,73.41
2020-02-18,10164.71,282.61,24.0821,77.25
2020-02-19,9593.79,258.45,22.3709,70.61
2020-02-20,9596.42,256.96,22.1626,69.4
2020-02-21,9677.05,265.27,22.1888,73.25
2020-02-22,9650.86,261.57,21.9689,74.79
2020-02-23,9936.4,274.48,22.8452,79.52
2020-02-24,9656.13,265.52,22.0965,75.59
2020-02-25,9315.84,246.67,20.3193,70.98
2020-02-26,8785.25,223.93,18.7441,60.53
2020-02-27,8823.21,227.79,19.2,61.77
2020-02-28,8692.91,226.76,18.9838,59.89
2020-02-29,8523.61,217.21,19.23,58.05
2020-03-01,8531.88,217.81,18.902,57.7
2020-03-02,8915.24,231.97,19.9289,61.42
2020-03-03,8760.07,223.91,19.6882,61.01
2020-03-04,8750.87,224.26,19.95,60.38
2020-03-05,9054.68,228.38,20.7462,62.06
2020-03-06,9131.88,244.88,21.3389,63.22
2020-03-07,8886.66,237.23,20.25,60.46
2020-03-08,8033.31,199.43,16.894000000000002,51.0
2020-03-09,7929.87,202.81,16.5888,50.39
2020-03-10,7894.56,200.7,16.8671,50.26
2020-03-11,7934.52,194.61,16.5705,48.53
2020-03-12,4800.0,107.82,9.2566,29.83
2020-03-13,5578.6,134.06,10.9204,37.52
2020-03-14,5172.06,122.54,10.1487,34.4
2020-03-15,5361.3,123.78,10.3898,36.38
2020-03-16,5028.97,111.02,9.4285,33.2
2020-03-17,5312.64,115.67,10.2576,34.07
2020-03-18,5393.04,118.11,10.3866,34.71
2020-03-19,6162.37,136.3,12.2597,38.9
2020-03-20,6208.36,133.48,11.9147,38.08
2020-03-21,6186.98,132.66,12.1,38.32
2020-03-22,5816.19,122.32,11.167,35.4
2020-03-23,6467.31,135.92,12.1887,38.94
2020-03-24,6744.72,138.42,12.425999999999998,40.57
2020-03-25,6677.43,136.1,12.3251,39.17
2020-03-26,6737.36,138.4,13.199000000000002,40.41
2020-03-27,6359.11,131.33,12.3354,38.04
2020-03-28,6236.65,130.98,12.1888,38.87
2020-03-29,5881.42,124.5,11.3008,37.11
2020-03-30,6394.38,132.06,12.1365,38.91
2020-03-31,6410.44,132.72,12.5451,39.08
2020-04-01,6642.92,135.69,12.72,39.23
2020-04-02,6794.09,141.28,13.0166,39.86
2020-04-03,6734.1,141.31,13.3615,40.46
2020-04-04,6856.99,144.1,13.7606,40.71
2020-04-05,6772.78,142.68,13.6888,40.31
2020-04-06,7329.9,171.32,15.1989,45.04
2020-04-07,7197.32,164.63,14.7266,44.77
2020-04-08,7361.28,173.11,15.0888,46.55
2020-04-09,7283.54,169.52,15.0096,46.21
2020-04-10,6858.92,157.81,13.72,42.25
2020-04-11,6876.83,158.33,13.807,42.54
2020-04-12,6903.79,158.59,14.2808,42.0
2020-04-13,6837.91,156.29,15.0277,41.22
2020-04-14,6868.7,158.45,15.6148,41.22
2020-04-15,6621.24,152.73,14.5755,39.22
2020-04-16,7101.94,172.29,15.7394,42.53
2020-04-17,7027.55,170.69,15.64,42.19
2020-04-18,7248.6,187.4,16.6137,44.14
2020-04-19,7120.74,180.03,16.0683,42.23
2020-04-20,6826.83,170.2,14.9892,40.21
2020-04-21,6841.37,170.74,15.1283,40.59
2020-04-22,7125.14,182.7,15.7104,41.8
2020-04-23,7482.39,185.51,16.034000000000002,42.98
2020-04-24,7505.0,187.59,15.9319,44.53
2020-04-25,7538.67,194.21,16.2283,44.38
2020-04-26,7693.1,197.38,16.3588,44.52
2020-04-27,7774.62,196.34,16.4229,44.46
2020-04-28,7738.98,196.24,16.34,45.69
2020-04-29,8778.57,215.36,17.3667,48.81
2020-04-30,8620.0,206.08,16.9542,46.33
2020-05-01,8826.96,212.02,17.465999999999998,47.07
2020-05-02,8972.05,213.9,17.5333,49.2
2020-05-03,8894.16,209.86,17.1071,48.05
2020-05-04,8871.96,206.48,17.0074,46.96
2020-05-05,9021.83,205.29,16.8886,46.54
2020-05-06,9142.92,198.97,16.3743,44.94
2020-05-07,9986.4,212.0,17.0003,47.37
2020-05-08,9800.01,211.31,17.1371,47.69
2020-05-09,9539.4,210.07,16.7751,46.95
2020-05-10,8722.77,187.54,15.3506,42.06
2020-05-11,8561.52,185.73,15.0811,41.51
2020-05-12,8810.79,189.76,15.7892,42.18
2020-05-13,9309.37,199.58,16.2164,43.18
2020-05-14,9791.98,203.29,16.3777,43.98
2020-05-15,9316.42,194.86,15.7222,42.74
2020-05-16,9381.27,200.45,16.058,43.25
2020-05-17,9680.04,207.0,16.2959,43.71
2020-05-18,9733.93,214.91,16.6299,45.32
2020-05-19,9775.53,214.58,17.2098,45.73
2020-05-20,9511.43,209.98,16.8998,44.25
2020-05-21,9068.65,198.74,16.0888,42.73
2020-05-22,9170.0,207.36,16.5864,44.23
2020-05-23,9179.15,206.6,16.48,43.85
2020-05-24,8720.34,199.9,15.9624,42.08
2020-05-25,8900.35,204.15,16.3807,42.97
2020-05-26,8841.18,200.89,16.2159,42.27
2020-05-27,9204.07,208.29,16.47,43.85
2020-05-28,9575.89,220.21,17.0772,44.77
2020-05-29,9427.07,220.67,17.0031,44.47
2020-05-30,9697.72,243.66,17.7277,47.72
2020-05-31,9448.27,231.57,17.0916,45.61
2020-06-01,10200.77,248.23,17.9477,48.25
2020-06-02,9518.04,237.71,17.2669,45.99
2020-06-03,9666.24,244.52,17.5779,47.16
2020-06-04,9789.06,243.21,17.517,47.43
2020-06-05,9621.16,240.03,17.6914,46.83
2020-06-06,9666.3,241.94,17.5511,46.79
2020-06-07,9746.99,244.56,17.4135,46.63
2020-06-08,9782.01,246.4,17.4489,46.43
2020-06-09,9772.43,243.8,17.3733,45.87
2020-06-10,9885.0,247.78,17.406,46.63
2020-06-11,9280.4,230.51,16.2298,43.22
2020-06-12,9465.13,237.55,16.6377,44.72
2020-06-13,9473.34,238.11,16.8101,45.08
2020-06-14,9342.1,231.77,16.5729,44.05
2020-06-15,9426.02,230.86,16.377,43.73
2020-06-16,9525.59,235.3,16.4329,43.88
2020-06-17,9465.14,233.82,16.3983,44.07
2020-06-18,9386.32,231.27,16.1608,43.43
2020-06-19,9310.23,229.0,15.9512,42.89
2020-06-20,9358.95,228.89,16.059,43.57
2020-06-21,9294.69,228.04,15.9775,43.0
2020-06-22,9685.69,243.13,16.5051,44.3
2020-06-23,9624.89,243.14,16.3898,44.18
2020-06-24,9296.49,234.58,15.9968,42.65
2020-06-25,9249.49,232.5,15.905999999999999,42.35
2020-06-26,9162.21,229.64,15.7694,43.09
2020-06-27,9012.0,220.94,15.1242,41.06
2020-06-28,9116.35,224.93,15.3782,41.37
2020-06-29,9192.56,227.93,15.4656,41.87
2020-06-30,9138.55,225.6,15.3838,41.17
2020-07-01,9232.0,230.99,15.8144,41.77
2020-07-02,9086.54,226.46,15.3634,41.05
2020-07-03,9058.26,224.87,15.2863,41.14
2020-07-04,9135.46,229.17,15.5548,42.11
2020-07-05,9069.41,227.56,15.4885,41.58
2020-07-06,9344.2,241.6,16.311,44.06
2020-07-07,9257.39,239.39,16.8048,43.39
2020-07-08,9436.06,246.95,17.2819,45.35
2020-07-09,9232.43,241.98,16.8274,44.33
2020-07-10,9288.34,241.26,17.3123,44.3
2020-07-11,9234.03,239.19,17.6205,44.69
2020-07-12,9302.75,242.79,18.2994,44.7
2020-07-13,9242.62,239.5,18.4046,43.92
2020-07-14,9255.85,240.44,18.079,43.88
2020-07-15,9197.6,238.61,17.6351,43.33
2020-07-16,9133.72,233.57,17.1647,42.09
2020-07-17,9154.32,232.67,17.0676,41.9
2020-07-18,9170.28,235.67,17.1507,42.45
2020-07-19,9208.99,239.11,18.0154,42.64
2020-07-20,9160.78,236.01,17.4645,41.94
2020-07-21,9390.0,245.59,17.7285,43.77
2020-07-22,9518.16,263.74,18.09,44.96
2020-07-23,9603.27,275.3,18.75,44.94
2020-07-24,9537.8,279.15,19.1853,44.11
2020-07-25,9700.42,305.26,19.8242,49.16
2020-07-26,9931.54,311.0,19.5557,48.1
2020-07-27,11029.96,321.93,19.7474,53.28
2020-07-28,10906.27,316.77,20.1732,55.75
2020-07-29,11100.53,317.71,19.899,55.16
2020-07-30,11099.61,334.87,19.97,56.75
2020-07-31,11335.46,346.33,20.6615,58.13
2020-08-01,11801.17,387.0,21.6168,61.65
2020-08-02,11071.35,372.42,20.9898,56.77
2020-08-03,11219.81,385.94,22.0504,58.48
2020-08-04,11191.97,389.61,22.2818,57.61
2020-08-05,11744.91,400.72,23.2728,58.88
2020-08-06,11762.46,394.77,22.7487,59.03
2020-08-07,11594.23,379.34,22.3323,57.17
2020-08-08,11761.41,397.03,22.9234,58.46
2020-08-09,11681.68,390.14,22.421999999999997,56.96
2020-08-10,11892.92,395.44,22.6369,58.27
2020-08-11,11392.08,379.0,21.2902,54.1
2020-08-12,11564.33,387.18,21.4919,54.52
2020-08-13,11780.0,424.54,21.7667,57.14
2020-08-14,11760.54,438.11,23.1047,56.78
2020-08-15,11852.4,432.32,23.0881,59.85
2020-08-16,11911.0,433.62,23.529,63.87
2020-08-17,12281.13,430.89,23.4961,67.22
2020-08-18,11945.01,421.95,22.9705,65.4
2020-08-19,11754.59,407.46,22.3761,62.12
2020-08-20,11853.55,415.94,23.0888,62.8
2020-08-21,11531.34,387.97,22.0988,59.2
2020-08-22,11662.96,395.24,22.2044,60.21
2020-08-23,11648.13,390.71,21.8555,60.55
2020-08-24,11748.2,407.68,22.5953,62.02
2020-08-25,11318.42,382.93,21.3882,58.34
2020-08-26,11461.43,385.81,22.1999,58.1
2020-08-27,11330.38,383.27,23.1127,56.1
2020-08-28,11526.91,395.11,23.0811,57.38
2020-08-29,11465.84,398.65,22.9398,56.97
2020-08-30,11711.16,428.94,23.6208,62.89
2020-08-31,11649.51,433.79,23.1477,60.92
2020-09-01,11921.97,475.4,24.7028,62.69
2020-09-02,11388.54,439.5,24.7652,58.06
2020-09-03,10140.85,381.4,20.3592,47.28
2020-09-04,10446.25,385.26,20.9712,50.32
2020-09-05,10166.69,335.01,19.4698,47.83
2020-09-06,10256.2,352.8,23.142,47.92
2020-09-07,10373.44,353.59,22.4426,48.84
2020-09-08,10126.65,337.39,23.2837,47.47
2020-09-09,10219.2,350.85,24.4716,47.82
2020-09-10,10336.87,367.93,24.5489,48.67
2020-09-11,10387.89,373.63,25.399,48.96
2020-09-12,10440.92,387.78,28.505,50.8
2020-09-13,10332.83,366.42,31.1656,48.15
2020-09-14,10671.77,377.12,31.2523,49.08
2020-09-15,10785.31,364.06,27.1181,48.31
2020-09-16,10954.01,365.11,27.8695,47.76
2020-09-17,10939.99,389.36,27.095,48.85
2020-09-18,10933.39,384.39,27.629,48.54
2020-09-19,11080.65,385.25,27.2035,48.52
2020-09-20,10920.28,371.04,26.316,47.09
2020-09-21,10417.22,340.36,23.1232,43.16
2020-09-22,10529.61,344.21,24.0468,44.47
2020-09-23,10241.46,320.72,22.8331,42.96
2020-09-24,10736.32,348.97,24.5745,44.92
2020-09-25,10686.67,351.92,24.6924,46.02
2020-09-26,10728.6,353.92,26.1998,46.03
2020-09-27,10774.25,357.49,26.250999999999998,46.05
2020-09-28,10696.12,353.96,26.9855,45.23
2020-09-29,10840.48,359.79,28.8946,45.69
2020-09-30,10776.59,359.83,29.2656,46.24
2020-10-01,10619.13,352.85,27.4673,46.25
2020-10-02,10570.4,345.6,27.3369,44.88
2020-10-03,10542.06,345.95,28.1867,45.51
2020-10-04,10666.63,352.37,28.9668,46.69
2020-10-05,10792.21,353.62,28.6158,46.34
2020-10-06,10599.66,340.75,27.6812,45.99
2020-10-07,10666.39,341.58,27.6898,46.55
2020-10-08,10925.57,350.95,27.7424,47.21
2020-10-09,11050.64,365.02,28.4076,47.78
2020-10-10,11293.22,370.52,28.4414,48.88
2020-10-11,11369.02,374.16,28.5271,50.48
2020-10-12,11528.25,386.51,30.6503,50.58
2020-10-13,11420.56,381.04,30.7256,49.89
2020-10-14,11417.89,378.69,30.838,49.79
2020-10-15,11505.12,377.64,31.3256,49.53
2020-10-16,11319.32,365.5,30.0516,47.6
2020-10-17,11360.2,368.32,30.2414,46.93
2020-10-18,11503.14,378.11,30.6593,47.54
2020-10-19,11751.47,379.3,29.9107,47.99
2020-10-20,11909.99,368.52,28.8227,46.88
2020-10-21,12780.96,390.38,29.7329,52.98
2020-10-22,12968.52,413.98,30.6396,54.35
2020-10-23,12923.07,409.11,30.6377,55.42
2020-10-24,13111.73,412.14,30.6639,59.23
2020-10-25,13028.83,405.86,30.128,58.84
2020-10-26,13052.19,392.52,31.0467,56.82
2020-10-27,13636.17,403.45,31.4826,57.91
2020-10-28,13266.4,388.23,30.3338,55.77
2020-10-29,13455.7,387.13,29.8702,54.87
2020-10-30,13560.1,382.49,28.4909,54.01
2020-10-31,13791.0,386.46,28.5058,55.72
2020-11-01,13761.5,396.67,28.5318,55.6
2020-11-02,13549.37,383.02,27.7983,53.8
2020-11-03,14023.53,387.88,26.8638,53.96
2020-11-04,14144.01,402.49,26.96,54.67
2020-11-05,15590.02,416.69,27.6875,58.95
2020-11-06,15579.92,455.91,29.0435,63.2
2020-11-07,14818.3,435.21,27.7651,58.9
2020-11-08,15475.1,454.3,28.4101,61.02
2020-11-09,15328.41,444.32,28.0941,59.23
2020-11-10,15297.21,450.34,28.2188,57.93
2020-11-11,15684.24,463.09,28.016,59.27
2020-11-12,16291.86,462.39,27.6874,60.72
2020-11-13,16320.7,476.43,28.1974,65.96
2020-11-14,16070.45,460.89,27.9311,63.85
2020-11-15,15957.0,448.08,27.6786,62.28
2020-11-16,16713.57,460.55,27.9451,73.84
2020-11-17,17659.38,482.15,28.5552,76.32
2020-11-18,17776.12,478.41,28.0931,73.42
2020-11-19,17802.82,471.25,28.1387,81.53
2020-11-20,18655.67,510.12,28.9715,82.53
2020-11-21,18703.8,552.35,30.5161,87.14
2020-11-22,18414.43,560.03,30.0226,82.87
2020-11-23,18368.0,608.58,30.995,89.03
2020-11-24,19160.01,604.97,33.9407,89.25
2020-11-25,18719.11,569.5,31.2953,81.75
2020-11-26,17149.47,519.83,28.2356,71.0
2020-11-27,17139.52,518.68,28.4606,69.15
2020-11-28,17719.85,537.52,29.1766,72.7
2020-11-29,18184.99,576.3,30.1045,78.91
2020-11-30,19695.87,616.66,31.4935,87.65
2020-12-01,18764.96,585.26,30.1996,85.08
2020-12-02,19204.09,596.89,30.2875,88.9
2020-12-03,19421.9,615.85,30.7065,89.0
2020-12-04,18650.52,567.24,29.0231,79.52
2020-12-05,19147.66,596.8,29.728,83.14
2020-12-06,19359.4,601.54,29.5026,83.55
2020-12-07,19166.9,591.28,29.37,83.37
2020-12-08,18324.11,554.94,27.6705,76.76
2020-12-09,18541.28,573.09,28.1452,77.41
2020-12-10,18254.63,558.99,27.6926,74.7
2020-12-11,18036.53,544.43,27.3419,72.2
2020-12-12,18808.69,568.04,28.1603,76.67
2020-12-13,19174.99,590.7,29.1571,82.28
2020-12-14,19273.14,586.29,30.0338,82.35
2020-12-15,19426.43,588.64,29.5053,81.32
2020-12-16,21335.52,637.18,30.5577,92.94
2020-12-17,22797.16,642.7,30.2255,101.01
2020-12-18,23107.39,653.85,30.9882,109.34
2020-12-19,23821.61,658.03,33.3167,119.85
2020-12-20,23455.52,638.18,34.3148,114.58
2020-12-21,22719.71,607.58,32.05,104.45
2020-12-22,23810.79,636.45,33.5151,114.32
2020-12-23,23232.76,585.56,31.1843,102.45
2020-12-24,23729.2,612.31,32.4895,111.13
2020-12-25,24712.47,626.82,33.1996,127.78
2020-12-26,26493.39,637.44,33.6361,129.61
2020-12-27,26281.66,685.11,33.674,127.88
2020-12-28,27079.41,730.41,35.951,129.83
2020-12-29,27385.0,732.0,39.0667,128.8
2020-12-30,28875.54,752.17,38.1558,130.05
2020-12-31,28923.63,736.42,37.3588,124.21
2021-01-01,29331.69,728.91,37.7762,126.24
2021-01-02,32178.33,774.56,38.2331,136.96
2021-01-03,33000.05,978.28,41.2575,161.24
2021-01-04,31988.71,1041.43,41.1333,155.34
2021-01-05,33949.53,1099.56,41.8219,158.43
2021-01-06,36769.36,1208.42,42.2417,168.92
2021-01-07,39432.28,1224.87,43.5728,169.35
2021-01-08,40582.81,1216.93,42.356,172.19
2021-01-09,40088.22,1276.0,43.8479,177.26
2021-01-10,38150.02,1254.25,42.4031,170.07
2021-01-11,35404.47,1087.01,38.1674,138.87
2021-01-12,34051.24,1050.16,38.2541,133.42
2021-01-13,37371.38,1129.89,40.1114,147.38
2021-01-14,39144.5,1231.62,41.8723,152.5
2021-01-15,36742.22,1168.53,40.8668,143.65
2021-01-16,35994.98,1227.83,43.141999999999996,143.52
2021-01-17,35828.61,1232.45,45.8675,142.8
2021-01-18,36631.27,1258.45,45.3412,151.96
2021-01-19,35891.49,1365.36,42.5241,151.86
2021-01-20,35468.23,1376.99,42.6069,149.69
2021-01-21,30850.13,1110.96,38.6343,129.72
2021-01-22,32945.17,1232.62,40.8936,137.66
2021-01-23,32078.0,1233.6,40.9109,137.67
2021-01-24,32259.9,1392.51,41.8263,141.01
2021-01-25,32254.2,1317.88,41.8347,137.07
2021-01-26,32467.77,1365.97,41.8396,134.67
2021-01-27,30366.15,1239.03,40.8826,122.44
2021-01-28,33364.86,1329.69,42.5254,133.27
2021-01-29,34252.2,1379.5,42.8618,134.65
2021-01-30,34262.88,1378.05,44.7849,133.36
2021-01-31,33092.98,1312.55,44.3292,129.36
2021-02-01,33526.37,1374.17,51.4781,132.0
2021-02-02,35466.24,1511.87,51.0071,141.98
2021-02-03,37618.87,1664.49,52.12,155.93
2021-02-04,36936.66,1595.67,55.9599,145.07
2021-02-05,38290.24,1719.19,67.7005,155.05
2021-02-06,39186.94,1676.35,72.8356,155.57
2021-02-07,38795.69,1611.62,68.3542,150.76
2021-02-08,46374.87,1750.15,79.8374,167.28
2021-02-09,46420.42,1769.13,107.3469,181.49
2021-02-10,44807.58,1740.78,128.9711,181.56
2021-02-11,47969.51,1785.62,124.085,183.62
2021-02-12,47287.6,1840.26,136.6139,196.69
2021-02-13,47153.69,1814.96,133.3496,225.76
2021-02-14,48577.79,1800.42,135.8623,213.49
2021-02-15,47911.1,1779.25,130.303,207.83
2021-02-16,49133.45,1781.99,130.183,210.26
2021-02-17,52119.71,1849.88,165.3233,237.49
2021-02-18,51552.6,1939.61,195.6,226.59
2021-02-19,55906.0,1955.0,333.111,236.5
2021-02-20,55841.19,1913.0,253.0,226.65
2021-02-21,57408.57,1933.53,295.2597,227.13
2021-02-22,54087.67,1777.58,267.5147,208.32
2021-02-23,48891.0,1577.89,231.3646,177.34
2021-02-24,49676.2,1623.39,254.5056,181.43
2021-02-25,47073.73,1481.75,234.9146,179.36
2021-02-26,46276.87,1444.59,221.717,170.25
2021-02-27,46106.43,1458.13,225.3853,171.76
2021-02-28,45135.66,1419.18,210.2138,165.22
2021-03-01,49587.03,1569.86,254.9637,175.89
2021-03-02,48440.65,1486.78,239.6841,179.08
2021-03-03,50349.37,1567.69,240.5701,187.64
2021-03-04,48374.09,1539.23,229.6369,180.67
2021-03-05,48751.71,1528.31,225.4714,180.23
2021-03-06,48882.2,1650.35,226.3814,182.85
2021-03-07,50971.75,1726.16,240.11,190.75
2021-03-08,52375.17,1833.18,240.5509,191.85
2021-03-09,54884.5,1870.51,293.2052,203.81
2021-03-10,55851.59,1795.12,278.4499,200.29
2021-03-11,57773.16,1825.78,290.0301,201.36
2021-03-12,57221.72,1766.1,263.2201,220.84
2021-03-13,61188.39,1922.35,276.2822,226.06
2021-03-14,58968.31,1848.1,263.238,213.94
2021-03-15,55605.2,1793.48,254.5144,200.59
2021-03-16,56900.75,1805.12,258.5352,201.6
2021-03-17,58912.97,1823.58,269.7896,205.98
2021-03-18,57648.16,1776.08,261.4816,199.7
2021-03-19,58030.01,1809.1,262.935,199.96
2021-03-20,58102.28,1806.1,264.3023,200.17
2021-03-21,57351.56,1782.98,264.6513,195.31
2021-03-22,54083.25,1680.97,254.7976,185.67
2021-03-23,54340.89,1668.08,255.4646,185.83
2021-03-24,52303.65,1581.84,248.5236,176.05
2021-03-25,51293.78,1585.74,233.9466,171.53
2021-03-26,55025.59,1698.84,255.2105,183.45
2021-03-27,55817.14,1712.63,269.2234,184.06
2021-03-28,55777.63,1687.01,268.4263,184.24
2021-03-29,57635.47,1816.74,275.2991,193.73
2021-03-30,58746.57,1840.46,311.2962,195.74
2021-03-31,58740.55,1919.37,302.3724,196.7
2021-04-01,58720.44,1968.05,334.7991,202.86
2021-04-02,58950.01,2133.69,338.2932,211.46
2021-04-03,57051.94,2008.52,321.9497,195.23
2021-04-04,58202.01,2075.69,348.8617,202.21
2021-04-05,59129.99,2107.38,368.0263,221.48
2021-04-06,57991.15,2112.21,403.3648,237.04
2021-04-07,55953.45,1963.47,375.5538,219.05
2021-04-08,58077.52,2080.46,418.7048,226.11
2021-04-09,58142.54,2066.87,453.9937,221.12
2021-04-10,59769.13,2133.49,471.2975,256.34
2021-04-11,60002.43,2151.36,525.9275,252.31
2021-04-12,59860.0,2137.69,596.7104,244.42
2021-04-13,63575.0,2299.19,551.6442,267.59
2021-04-14,62959.53,2432.6,550.0182,278.86
2021-04-15,63159.98,2514.04,541.8824,285.63
2021-04-16,61334.8,2422.67,508.2743,308.43
2021-04-17,60006.66,2317.6,514.6861,300.86
2021-04-18,56150.01,2235.64,481.4367,273.36
2021-04-19,55633.14,2161.12,504.0322,261.38
2021-04-20,56425.0,2330.03,586.3635,260.68
2021-04-21,53787.63,2357.06,543.6327,257.69
2021-04-22,51690.96,2397.94,505.2411,252.5
2021-04-23,51125.14,2367.39,526.5357,241.31
2021-04-24,50047.84,2213.35,496.99199999999996,224.75
2021-04-25,49066.77,2320.49,505.0,223.88
2021-04-26,54001.39,2532.6,535.33,247.42
2021-04-27,55011.97,2666.13,568.78,259.77
2021-04-28,54846.22,2748.24,562.78,258.51
2021-04-29,53555.0,2757.04,599.7,255.31
2021-04-30,57694.27,2772.42,622.65,271.13
2021-05-01,57800.37,2944.77,620.0,276.78
2021-05-02,56578.21,2949.56,621.78,268.88
2021-05-03,57169.39,3431.04,676.15,294.87
2021-05-04,53200.01,3239.01,609.3,305.23
2021-05-05,57436.11,3524.26,651.1,356.04
2021-05-06,56393.68,3489.73,633.99,354.67
2021-05-07,57314.75,3479.53,624.3,344.89
2021-05-08,58862.05,3910.26,646.1,347.1
2021-05-09,58240.84,3923.95,661.74,387.8
2021-05-10,55816.14,3945.88,631.1,358.89
2021-05-11,56670.02,4173.45,671.91,377.6
2021-05-12,49631.32,3823.21,594.65,310.4
2021-05-13,49670.97,3717.91,571.1,317.95
2021-05-14,49841.45,4075.01,602.61,326.23
2021-05-15,46762.99,3646.68,563.41,300.3
2021-05-16,46431.5,3582.1,564.32,295.89
2021-05-17,43538.04,3282.51,512.07,281.53
2021-05-18,42849.78,3375.07,507.88,293.98
2021-05-19,36690.09,2438.92,334.8,185.93
2021-05-20,40526.64,2768.62,391.17,210.74
2021-05-21,37252.01,2430.98,326.01,179.97
2021-05-22,37449.73,2294.87,299.76,169.32
2021-05-23,34655.25,2096.39,260.72,142.39
2021-05-24,38796.29,2648.43,345.64,185.32
2021-05-25,38324.72,2705.11,343.18,183.76
2021-05-26,39241.91,2884.94,379.16,198.91
2021-05-27,38529.98,2742.23,369.67,194.32
2021-05-28,35663.49,2412.1,328.82,177.33
2021-05-29,34605.15,2278.74,305.04,164.01
2021-05-30,35641.27,2385.98,325.57,170.51
2021-05-31,37253.81,2706.15,353.33,187.97
2021-06-01,36693.09,2634.57,362.39,182.99
2021-06-02,37568.68,2706.22,401.54,187.14
2021-06-03,39246.79,2857.25,428.48,193.5
2021-06-04,36829.0,2689.51,390.7,178.44
2021-06-05,35513.2,2627.73,390.08,172.94
2021-06-06,35796.31,2711.92,393.73,176.41
2021-06-07,33552.79,2592.05,357.96,161.95
2021-06-08,33380.81,2507.23,352.5,160.63
2021-06-09,37388.05,2610.18,375.54,172.56
2021-06-10,36675.72,2471.09,351.94,168.16
2021-06-11,37331.98,2354.01,345.75,162.83
2021-06-12,35546.11,2370.74,343.7,161.8
2021-06-13,39020.57,2509.33,365.8,170.85
2021-06-14,40579.21,2557.51,372.84,174.81
